rec_id, given_name, surname, street_number, address_1, address_2, suburb, postcode, state, date_of_birth, soc_sec_id
rec-101-org, shaun, krombholtz, 6, alarmon crescent, orange hill, cook, 2330, tas, 19780624, 8062703
rec-38-dup-1, ashleigh, aberg, 138, jim pike avenue, shadoo f lodge, thornbkry, 3424, qld, 19251015, 9034664
rec-63-org, cassandra, de lucia, 3, walker crescent, bowan downs, broadmeadows, 3204, nsw, 19410613, 8348359
rec-305-org, peyton, green, 55, mcburney crescent, peppercorn lodge, tully heads, 2480, vic, 19520928, 4229752
rec-390-org, thomas, thandi, 15, tyrrell circuit, tobruk hse, wallan, 2177, vic, 19051015, 8517101
rec-96-org, finlay, sieber, 3, paul coe crescent, ballenah, sandy bay, 2323, qld, 19060202, 9491818
rec-23-org, samantha, kranz, , bow place, lindsey rise, coffs harbour, 4740, vic, 19140314, 8320050
rec-297-org, jack, renfrey, 34, candlebark close, bardarra, toowoomba, 2483, qld, 19280716, 5935349
rec-182-org, vanessa, lowe, 26, fisk street, waiweer, mulgrave east, 3028, vic, 19710109, 9478708
rec-355-org, francesco, singleton, 81, rocklands street, cullinga park, orange, 3031, nsw, 19620911, 3187120
rec-58-org, liam, kerkhofs, 19, couvreur street, dryrock gulch, kirrawee, 4560, nsw, , 8355123
rec-315-org, emma, white, 36, longworth place, glenmarla rmb 2563, porcupine ridge, 2264, wa, 19540221, 4095764
rec-337-org, blake, kanizay, 118, eaglemont retreat, coolibah, st albans, 5110, act, 19771219, 5520165
rec-232-dup-0, grace, myles, 34, cordeaux treet, , trafalgar, 6230, vic, 19630824, 9056698
rec-230-org, takara, stumann, 30, eppalock street, lyndon lodge, caulfield, 4034, vic, 19740604, 2597729
rec-252-org, kelsye, grainger, 5, elliott street, warramby, petrie, 3564, nsw, 19840708, 5071445
rec-358-org, wil, reid, 5, phillip avenue, sherwood, broadwater, 2729, qld, 19410706, 9649266
rec-100-org, jackson, vatcky, 25, onslow street, glenumbral, st albans, 3095, vic, 19241025, 4736742
rec-147-dup-0, allegra, pyle, 296, goldie place, shaudell, wolumrla, 6169, wa, 19620201, 2315078
rec-284-org, amy, di cesare, 1, jackie howe crescent, fassifern retirement village, golden grove, 7109, vic, 19210122, 1247468
rec-384-dup-2, danny, eyles, 19, fuhrman qstreet, aminya vlge, heckenberg, 2195, nsw, 19880426, 8344164
rec-53-org, annalise, egan, 130, forbes street, , toowoomba, 2800, nsw, 19120324, 1621960
rec-236-org, lachlan, dallas, 3, carumbi place, , worongary, 4211, nsw, 19740311, 6477843
rec-67-org, emiily, hendy-pooley, 112, tepper circuit, nioka, jubilee pocket, 4573, nsw, 19310823, 1862246
rec-116-dup-0, stephanie, dmytriw, 5, ferrett circuit, , blacmkbns bay, 2217, vic, 19430301, 3566317
rec-59-dup-2, james, mason, 43, , , como, 3156, nsw, 19270807, 9672666
rec-131-org, briony, maynard, 355, beagle street, glen-eric, chinchilla, 4878, , 19190421, 5263897
rec-168-dup-0, juliz, ryan, 2, palest ine, feathertop street, knoxfield, 2107, nsw, 19590326, 7471523
rec-351-org, zachary, white, 27, adair street, windy gully, frankston, 2075, nsw, 19150427, 2922247
rec-200-org, kale, mcvey, 12, tryon street, colbes, darnum, 2035, nsw, 19600626, 6026467
rec-332-dup-1, ruan, matthews, 22, moss steet, wyuna, daisy hill, 2640, nsw, 19490405, 9202852
rec-203-org, rhys, morrison, , elmslie place, dandegong, caulfield, 2480, wa, 19091016, 1866358
rec-331-org, anastasia, kunoth, 5, gidabal street, belmont bayview park, joondalup, 3337, nsw, 19920221, 7717435
rec-390-dup-1, thomas, thandi, 15, tyrrell circuit, tobrku hse, wallan, 2177, vic, 19051015, 8517101
rec-2-org, georgia, ziersch, 60, knox street, pontresina, cranbourne north, 6450, vic, 19530903, 9028407
rec-373-org, brooke, bail, 14, carter crescent, danric lodge, coolamon, 7330, nsw, 19860324, 3898335
rec-168-dup-3, julia, ryan, 2, feathertop street, palesoine, knoxfield, 2107, nsw, 19590326, 7471523
rec-228-org, , curry, 123, burgan place, cambri vlge, ashwood, 0812, nsw, 19680803, 9587722
rec-227-org, sylvie, varcoe, 13, tyrrell circuit, st georges medical centre, mount warren park, 2428, nsw, 19600403, 6687384
rec-37-dup-0, flynn, husseini, 73, montado, simpson sjtreet, hoppers crossing, 4511, qld, 19111207, 1857251
rec-353-org, paris, concannon, 27, yabtree place, downlands farm, lilydale, 3807, vic, 19530427, 8061587
rec-394-dup-1, thomas, whkte, 55, stone oak farm, woodfull loop, tarragindi, 3197, qld, 19270128, 3739737
rec-295-org, dylan, mason, 143, bowman street, dejarra, willetton, 2586, nsw, 19311123, 3830723
rec-342-dup-0, , kilby, 13, dalkeith cottage, holmes crescent, salter point, 4228, qld, 19060104, 3926459
rec-45-org, cameron, apsitis, 30, hodgson crescent, villa 3, st albans, 2026, nsw, 19740729, 9510651
rec-388-org, alana, goode, 59, phillips place, vanorluc rmb 4050, kenilworth, 3218, nsw, 19630726, 1386086
rec-99-org, ruby, grincelis, 30, darby street, glenlee, currans hill, 4352, sa, 19350422, 7585402
rec-314-dup-1, emiily, reid, 391, woolgoolga retirement village, finniss crescent, yorkeys knob, 4169, vic, 19811110, 1033627
rec-136-org, oscar, hoang, 323, cavill close, jackaranda lodge, theodore, 3796, vic, 19950524, 2683113
rec-310-org, matthew, mclelland, 6, ranken place, farn 43, ashfield, 2073, sa, 19380112, 6129405
rec-369-org, ethan, neville, 53, herron crescent, hyland, windsor, 4035, act, 19830513, 1369215
rec-138-org, thomas, , 1, cory place, lambrook, ballina, 2227, qld, 19380924, 5275758
rec-83-org, matthew, ryan, 7, alroy circuit, , hahndorf, 2600, qld, 19751012, 7603060
rec-300-org, joel, piazza, 95, grainger circuit, transvaal, padstow, 3174, qld, 19751229, 1414544
rec-340-org, bridget, ballantyne, 29, schlich street, cliffdon park, murdoch, 2099, act, 19140926, 4290494
rec-389-org, judah, vrettis, 168, moore street, aminya vlge, avoca, 3280, vic, 19860619, 4781076
rec-269-dup-0, carla, ebert, 23, longplace, walyaming farms, allingham, 4520, vic, 19810620, 4914839
rec-216-org, kane, clarke, 53, pickworth street, south seas (cnr cook s street, trinity park, 4109, vic, 19550905, 6313547
rec-188-org, juliana, green, 9, budyan court, old airdmillan road, spring hill, 4563, nsw, 19990219, 2398273
rec-257-org, anthony, coleman, 1, ebenezer street, morris arcade, sunnybank, 5076, nsw, 19690215, 1715821
rec-191-org, yana, green, 32, tudor place, springdale, parkville, 2569, nsw, 19420903, 8874703
rec-169-org, sophie, stephenson, 10, strathnairn place, loma, joslin, 3350, qld, 19170504, 6263395
rec-65-org, zac, mccarthy, 47, adinda street, apmnt 203, fullarton, 2211, sa, , 8330669
rec-75-org, bethanie, birkin, 361, mcintosh street, telemon orchards, nuriootpa, 3171, nsw, 19691012, 1124871
rec-249-org, joshua, chandler, 744, hansen circuit, rydellan, brighton, 2122, vic, 19381204, 9740512
rec-364-org, courtney, crook, , harkness street, gillin park, lake cathie, 2070, wa, 19790326, 5484875
rec-129-org, luke, matthews, 5, coane street, como, katandra west, 3178, act, 19760908, 9144336
rec-162-org, charli, braddy, , hindmarsh drive, brambletye vinyard, montmorency, 4178, wa, 19580202, 1881286
rec-70-org, zachary, jesser, 20, teague street, hillside farm, birkdale, 4157, qld, 19070203, 1892918
rec-149-org, esther, mearns, 14, investigator street, westella, yarram, 3910, qld, 19551105, 5501925
rec-262-org, william, bridgland, 9, lawes place, nullo mntain, balwyn north, 4034, nsw, 19711011, 1514542
rec-264-org, megan, campbell, 21, dacomb court, brentwood vlge, minto, 4313, act, 19871012, 7090323
rec-397-org, zac, moody, 20, canberra avenue, sunnyhills, paddington, 3214, wa, 19570604, 2902917
rec-293-org, amelia, haggett, 94, east place, tulse hill, rowville, 3000, sa, 19130102, 5918007
rec-18-org, emiily, brock, 43, northbourne flats, old farm, warracknabeal, 6753, wa, 19380509, 4742676
rec-258-org, spyke, campbell, 185, baskerville street, river oaks, joondalup, 3085, sa, , 2692723
rec-142-org, lucy, averis, 21, foxall street, kirkcaldy, wantirna, 7330, nsw, 19850611, 9069374
rec-256-org, alexandra, archdall, 15, cosgrove street, shepherds hill, yarraville, 2641, qld, 19610328, 7747745
rec-21-org, nathan, shepherd, 17, tewksbury circuit, dandegong, kialla, 2450, nsw, 19430910, 5160963
rec-26-org, jacinta, hammer, 24, stanley street, jeir park, mildura south, 4122, vic, 19480707, 2443630
rec-260-org, jacob, wagnitz, 49, paul coe crescent, , holden hill, 2137, nsw, 19470414, 4110549
rec-63-dup-0, cassandra, de lucia, , walker cescent, bowan d owns, broadmeadows, 3204, nsw, 19410613, 8348395
rec-187-org, isabella, kammermann, 9, maitland street, warra, point lonsdale, 6166, vic, 19820627, 2424353
rec-183-org, jed, whiteway, 241, ina gregory circuit, wilga, cardiff, 2011, nsw, 19651001, 5554051
rec-278-org, emma, morrison, 7, , pindara medical centre, balwyn north, 3123, sa, 19670112, 4527655
rec-44-org, jaden, berry, 19, pokana circuit, , osborne park, 4053, vic, 19110504, 7776693
rec-134-org, holly, quilliam, 52, ebden street, westholme, harden, 5162, vic, 19590630, 8085282
rec-144-org, imogen, mcgregor, 21, mcluckie crescent, ridge-e-didge, concord, 4805, nsw, 19750924, 8521224
rec-345-org, georgia, vincent, 69, william hudson crescent, narada, casula, 4220, vic, 19051222, 7378315
rec-381-org, lara, shepherd, 32, arawang lane, broughton brook, osborne, 2346, tas, 19100129, 3267900
rec-159-dup-0, keelin, depold, 52, jacobs street, coulterc ourt, fadden, 3844, vic, 19730511, 7962708
rec-125-org, connor, ryan, 280, mckillop circuit, braeburn, mount isa, 4817, vic, 19151102, 8290423
rec-357-org, liam, navarro, 32, dethridge street, glenlee, denmark, 5540, vic, 19260730, 4591113
rec-333-org, hayden, vlismas, 3, albermarle place, villa 2, camira, 3083, nsw, 19490210, 1327940
rec-163-org, bodhi, hanna, 13, tatchell street, wheogo, mulgrave east, 6108, vic, 19881213, 7786700
rec-213-org, claire, gaskin, 41, hallstrom circuit, robgill farm, mill park, 2607, wa, 19480215, 9061623
rec-286-org, thomas, bralic, 25, hedland circuit, kilwinning, thirroul, 2029, vic, 19250923, 2786055
rec-269-org, carla, ebert, 23, long place, walyaming farms, allingham, 4520, vic, 19810620, 4914839
rec-367-org, mia, bellchambers, , hakea crescent, border park, wynnum west, 4020, wa, 19840403, 6511214
rec-316-org, adrian, hanna, 1, marr street, plantation caravn park, lalor, 2043, vic, 19331110, 2239623
rec-164-org, marlee, sporn, 40, neales street, marylebone, wanniassa, 3888, vic, 19320505, 3811218
rec-16-org, timothy, bishop, 30, halfrey circuit, westleigh, morwell, 2343, qld, 19890720, 2856300
rec-210-org, drew, mason, 341, brinkley circuit, posetto, sedan, 2163, qld, 19470901, 2039443
rec-281-dup-2, jack, reid, 120, summerland circuit, blue hil ls, nelson, 7009, vic, 19840304, 7181992
rec-5-org, alana, mapham, 15, maxworthy street, apmt 1702, cranbourne, 7310, nsw, 19181122, 1322987
rec-299-dup-1, andrew, hewson, 82, gulgon g place, thomas scott village, noble park, 2151, vic, 19640616, 9611875
rec-370-org, taylor, campbell, 17, duterrau crescent, sec 375, buninyong, 4221, vic, 19290708, 8552866
rec-128-org, karla, whitesman, 60, clive steele avenue, villa 2, leongatha, 6162, wa, 19950110, 2074547
rec-160-org, logan, mason, 41, bennelong crescent, ningana, lysterfield, 4020, qld, 19360714, 7205100
rec-280-org, christian, hignett, 146, mcdougall street, bayview caravn park, port douglas, 2011, nsw, 19470523, 3773487
rec-167-dup-0, jack, kotaro, 31, biraban lace, swanl ea, camperdown, 6701, wa, 19550123, 3511348
rec-167-org, jack, kotaro, 31, biraban place, swanlea, camperdown, 6701, wa, 19550123, 3511348
rec-342-org, adam, kilby, 3, holmes crescent, dalkeith cottage, salter point, 4228, qld, 19060104, 3926459
rec-165-org, matthew, blunden, 15, steinwedel street, rosehill, west lakes, 4870, qld, 19890119, 2551539
rec-294-org, ryan, burford, 22, sladen place, glenanare, stanmore, 2220, qld, 19290617, 1337673
rec-161-org, jordan, reid, 19, aspinall street, , berala, 6151, nsw, 19350615, 6355504
rec-356-org, arki, lock, 11, flemington road, menedebri, rose bay, 6008, vic, 19971024, 1495747
rec-173-org, lewis, campbell, 19, beazley crescent, miami, north bondi, 2170, nsw, 19430119, 2982608
rec-360-org, charlotte, belperio, 25, tillyard drive, red river, yeronga, 6051, nsw, , 4252633
rec-314-org, emiily, reid, 391, finniss crescent, woolgoolga retirement village, yorkeys knob, 4169, vic, 19811110, 1033627
rec-219-dup-2, kaitlin, rap son, 7, phillipavenue, st franci s village, robertson, 4104, wa, 19000122, 5804521
rec-113-org, lucy, wardle, , lett place, alexandra racecourse, bellevue hill, 6392, vic, 19490615, 7974805
rec-399-org, ella, berryman, , house circuit, rowethorpe, ivanhoe east, 5280, wa, 19801212, 1320277
rec-387-org, matthew, bollen, 15, balonne street, rushall park, riverwood, 3250, sa, 19070930, 6860536
rec-137-org, shana, wilkins, 9, tanumbirini street, burnside, cairns, 6009, tas, 19030303, 8963896
rec-288-org, francesco, browne, 46, chipperfield circuit, wombat hill, sunnybank, 4720, nsw, 19770605, 6511122
rec-354-org, sophie, crosswell, 11, john cleland crescent, cara hill, shorewell park, 5113, vic, 19280215, 3035785
rec-290-org, imogen, beattie, 61, newman morris circuit, eldeslee vlge, arundel, 5098, vic, 19920113, 4679468
rec-385-org, monique, nicolle, 39, river street, greenslopes, modbury heights, 3109, vic, 19510801, 3195914
rec-189-org, angus, rawlings, 46, tanumbirini street, winchester downs, ryde, 7015, vic, 19570411, 4708711
rec-262-dup-1, william, bridgland, 9, lawes lace, nullo mntain, balwyn north, 4034, nsw, 19711011, 4898369
rec-365-org, kiara, matthews, 24, cerutty crescent, bonnie doon, padstow, 3149, wa, 19511126, 1493317
rec-103-org, joshua, miles, 93, bushby place, delmar, port macquarie, 2260, tas, 19011127, 6444983
rec-263-org, joshua, taute, 242, hawken street, byado, trigg, 2560, nsw, 19581211, 2693912
rec-376-org, hannah, hanigan, 45, de burgh street, roskhill, st andrews, 6112, act, 19261109, 6368720
rec-374-dup-0, eloise, cooxn, 3, petter street, , blackall, 4309, vic, 19950128, 9053506
rec-143-org, xavier, mollross, 9, callemonda rise, , ivanhoe, 3042, vic, 19360806, 2169396
rec-76-dup-0, sam, perriam, 19, scrivener street, glenbrae, murrumbateman, 4061, qld, 19440620, 4176370
rec-55-org, lucy, gladman, 20, elimatta street, millbay, mitcham, 2281, vic, 19851126, 6658654
rec-145-org, max, mccarthy, 43, burkitt street, jemalong retrmnt vlge, redbank plains, 5044, qld, 19800530, 1613396
rec-391-org, nikki, hawkings, 24, hodgson crescent, naringal orchard, carnegie, 4354, nsw, 19151219, 1088489
rec-296-org, taylor, burford, 90, middleton circuit, the crater, bemboka, 4810, sa, 19100415, 3921980
rec-207-org, macey, bristow, 21, officer crescent, lethbridge court, yenda, 2082, nsw, 19250331, 7448453
rec-281-org, jack, reid, 120, summerland circuit, blue hills, nelson, 7009, vic, 19840304, 7181992
rec-52-org, cooper, rickett, 39, mcclure street, somerset cottage, st ives, 6024, vic, 19780608, 1595769
rec-393-org, nicholas, miell, 12, nona place, parklands village, rivett, 7301, qld, , 5284134
rec-219-dup-1, kailin, rapso, 7, phillip avenue, st francis village, robertson, 4104, wa, 19000122, 5804521
rec-135-org, zac, tiller, 136, guest place, trevenson park stud, corrimal, 3810, qld, 19221031, 9880379
rec-126-org, georgia, burnell, 33, holt place, lords house, evandale, 2508, vic, 19961125, 3739112
rec-110-org, oliver, matthews, 25, harry hopman circuit, sunday creek, seaforth, 5630, nsw, 19880321, 9400702
rec-134-dup-0, holly, quilliam, 52, ebden s rteet, westholme, elwood, 5162, vic, , 4499484
rec-39-org, alexis, reid, 33, seaborn place, stanton, balwyn north, 2795, vic, 19210305, 4403845
rec-249-dup-0, joshua, chandler, 44, hansen ci rcuit, rydellan, brighgon, 2122, vic, 19381204, 9740512
rec-254-org, harriet, caruana, , chewings street, bardarra, woronora, 2086, wa, 19621214, 4742067
rec-321-org, brodie, mccarthy, 62, morant circuit, palm lake resort, mount eliza, 3084, sa, 19480102, 7903398
rec-246-dup-0, stephanie, tilliard, 17, handasydestreet, westerdale, gosford east, 3400, vic, 19390730, 3117829
rec-196-org, katelin, crofts, 26, milson street, pevensey, utakarra, 2540, nsw, 19360609, 5313892
rec-362-org, brooke, browne, 781, smalley circuit, watamurra, lamington, 3550, qld, 19090324, 3242141
rec-95-org, aidyn, , 16, kingscote crescent, brentwood village, waroona, 5114, nsw, 19550709, 1178975
rec-175-org, harry, fair, 30, beela place, ra 881, newcomb, 2340, nsw, 19030612, 2864975
rec-350-org, daniel, white, 48, collicott circuit, rowethorpe, toowoomba, 4740, wa, 19980308, 4726973
rec-8-org, phoebe, coleman, 38, kingsford smith drive, tricorne (cnr scone r road, alberton, 6050, wa, 19371129, 1871228
rec-324-org, dylan, virag, 211, ebeling court, nunnook, wangaratta, 2614, qld, 19550305, 2854131
rec-322-org, caleb, webb, 14, chandler street, sommerset park, armstrongs beach, 4470, nsw, 19001013, 7230468
rec-151-org, abby, stephenson, 5, gouger street, rosetta village, narre warren north, 4122, vic, 19041208, 2011526
rec-198-org, rebecca, spicer, 22, wilshire street, wondersun, waterloo, 2230, nsw, 19010915, 2194216
rec-22-dup-0, jesscia, clarke, 14, cleeve place, millard centre, , 2445, vic, 19370717, 9707190
rec-241-org, , noble, 6, strehlow place, , kingston, 2480, sa, 19930330, 6023219
rec-225-org, trent, hemus, 34, paul coe crescent, spring ridge, gorokan, 2104, qld, 19231229, 2499482
rec-323-org, wade, manalac, 15, blamey crescent, lakeview park, coolamon, 3218, vic, 19410118, 8521980
rec-332-org, ryan, matthews, 22, moss street, wyuna, daisy hill, 2640, nsw, 19490405, 9202152
rec-302-dup-0, , hemmings, 7, mcintosh street, , tareg, 0810, vic, 19160509, 7576740
rec-383-org, alana, von holst, 68, laidley place, , east fremantle, 3953, qld, 19591113, 8217840
rec-394-dup-0, thoias, white, 55, woodflul loop, stone oak farm, tarratindi, 3197, qld, 19690605, 3739737
rec-156-org, melanie, enjakovic, 18, namatjira drive, cherry haven, rose bay, 2478, qld, 19720722, 3607762
rec-116-org, xepheren, dmytriw, 5, ferrett circuit, , blackmans bay, 2217, vic, 19430301, 3566317
rec-237-org, zachary, blake, 25, gibson street, , manunda, 4800, nsw, 19060723, 3571100
rec-111-org, joshua, denne, 139, discovery street, st francis village, benowa, 4065, qld, 19840224, 3606789
rec-395-dup-2, ella, steed, 99, moule place, sec 5 169, nuriootpa, 3108, wa, 19640422, 7888753
rec-327-org, emiily, mccarthy, 301, la perouse street, country rd estate, albany creek, 3124, vic, 19891201, 6049319
rec-61-org, thomas, needham, 5, grylls crescent, hmas cerberus, reynella, 2264, sa, 19690512, 3073933
rec-139-org, genevieve, godfrey, 41, wiburd street, willyaroo street, lismore, 2100, vic, 19650322, 2436165
rec-348-org, blake, nguyen, 11, dobinson place, marsland, hoppers crossing, 3550, vic, 19910921, 9401567
rec-255-org, jackson, aleksander, 22, maloney street, sunnyview, shenton park, 6210, nsw, 19341214, 9475523
rec-193-org, , huxley, 4, blakey close, brokenspoke, enoggera, 2280, nsw, 19550413, 1831588
rec-51-org, william, cannell, 20, starke street, rhode island resort, port lincoln, 4306, qld, 19190218, 3796600
rec-104-org, jessie, thorpe, 60, bannister garden, , tannum sands, 3068, nsw, 19070320, 6730930
rec-222-org, william, deutscher, 1, geeves court, , wahroonga, 4017, qld, 19691107, 4182543
rec-28-dup-0, kelsea, nguyen, 7, newman morris circuit, walmount, , 4122, nsw, , 7949579
rec-282-org, rachel, weller, 160, shepherdson place, ashgrove farms, roleystone, 2170, vic, 19860128, 4733989
rec-219-dup-0, rapson, kaitlin, 7, phillip a venue, st francsi billage, robertson, 4104, wa, 19000122, 5804521
rec-249-dup-1, josua, chandler, 744, hansen circuit, rydellah, brighton, 2122, vic, 19381204, 9740512
rec-392-dup-3, thomas, berryman, 10, nemarangcrescent, legacyg vlge, para hills, 6052, nt, 19521205, 1639092
rec-120-org, kristin, neumann, 3, freda bennett circuit, rosa blanca, manly vale, 2120, nsw, 19260317, 9516298
rec-366-org, will, dixon, 8, julius street, lindenleigh, greenwood, 4218, nsw, 19240813, 3504429
rec-54-org, harrison, tuit, 16, nash place, mandurah gardens est, moss vale, 4032, qld, 19510714, 1988525
rec-383-dup-0, alana, von holst, 68, laidley place, , east fremantle, 3935, qld, 19591113, 8217840
rec-335-org, harry, seib, 8, davey crescent, moocooboola, flagstaff hill, 2650, qld, 19860527, 4814931
rec-197-dup-0, jasaer, eres, 54, lumeah street, calanna medcl centre, narelanv ale, 2042, , 19490102, 9285859
rec-68-org, alisa, plews, 71, blacket street, phoenix park stud, bligh park, 3128, wa, 19750324, 9272013
rec-168-dup-2, julia, ryan, 2, featherto p street, palels tine, knoxfield, 2170, nsw, 19590326, 7471523
rec-246-dup-1, abigail, tilliard, 17, handasyde street, , gosford dast, 3400, vic, 19300730, 3117829
rec-181-org, cassandra, morrison, 55, callister crescent, raffa estate, leeville, 3124, wa, 19310902, 1533933
rec-384-org, danny, eyles, 19, fuhrman street, aminya vlge, heckenberg, 2195, nsw, 19880426, 8344164
rec-250-org, timothy, savino, 232, gurrang avenue, caravn park, mentone, 2460, nsw, 19751002, 1217040
rec-219-org, kaitlin, rapson, 7, phillip avenue, st francis village, robertson, 4104, wa, 19000122, 5804521
rec-399-dup-0, berryman, ella, , house circuit, rowethorpe, ivanheo east, 5208, wa, 19801212, 1320277
rec-347-org, david, kunoth, 37, tenison-woods circuit, frank jeffrey hostel, corio, 6220, nsw, 19990629, 8177141
rec-273-org, jake, andrae, 76, albermarle place, farewell, sylvania, 4709, nsw, 19350621, 2065590
rec-325-org, lucas, campbell, 86, martens crescent, windella downs, wellington point, 3662, vic, 19240727, 5293623
rec-267-org, karli, mason, 459, hampton circuit, dalkeith homestead street, smithfield plains, 2153, vic, 19060713, 4708865
rec-37-org, flynn, husseini, 73, simpson street, montado, hoppers crossing, 4511, qld, 19111207, 1857251
rec-10-org, byron, lomman, 67, mcclintock street, environa, curl curl, 2093, wa, 19660415, 8230685
rec-42-org, lachlan, mazzone, 7, darke street, regent view, kincumber, 4178, vic, 19560420, 8537310
rec-271-org, aaliyah, blunden, 8, longman street, mt forrest, mulgrave east, 5113, vic, 19621203, 1850596
rec-185-org, abbie, meaney, 50, ern florence crescent, bindaree, arundel, 6018, vic, 19440921, 4033215
rec-318-org, flynn, white, 143, bean crescent, clarkbrae, daisy hill, 2209, vic, 19421204, 1486355
rec-176-org, callum, boyle, 67, archer street, sec 1, kyabram, 4680, vic, 19371004, 5773309
rec-234-org, ebony, white, 19, archibald street, rosetta village, sefton, 3551, nsw, 19921216, 4713155
rec-9-org, nacoya, belling, , pulleine crescent, the hammond village, singleton heights, 3941, vic, 19231215, 8860682
rec-265-org, james, grierson, 14, castleton crescent, donvale retirement, gwandalan, 5454, vic, 19530720, 7533797
rec-320-org, jarvis, fernando, 2, goldfinch circuit, marlin cove, avoca beach, 4131, qld, 19470511, 2248384
rec-159-dup-1, brody, depold, 28, jacobs street, coultercourt, faddeh, 3844, vic, 19730511, 7962708
rec-0-dup-0, jasper, polles, 16, dunfield park, tullaroop street, boulder, 4307, nsw, 19170428, 8333202
rec-368-org, riley, campbell, 4, preddey way, casuarina village, kyabram, 2162, nsw, 19470415, 8581388
rec-246-org, abigail, tilliard, 17, handasyde street, westerdale, gosford east, 3400, vic, 19390730, 3117829
rec-154-dup-2, ruby, clarke, 171, daley vrescent, , burnside, 3044, qld, 19820709, 7689332
rec-298-org, aidyn, galantomos, 15, foxlow close, , graceville, 2283, nsw, 19590511, 6597675
rec-221-dup-1, kane, webb, 10, barron street, ellangowan, , 3081, nsw, 19031013, 3137764
rec-87-org, eliza, marshman, 179, grampians street, west road, loganholme, 4207, qld, 19540624, 6122196
rec-208-org, lachlan, wheatley, 7, hallstrom circuit, pinewood, winston hills, 4014, nsw, 19530730, 8356682
rec-197-dup-1, jasper, rees, 54, lumeah street, calanna medclcentre, narellan vale, 2042, , 19490102, 9285859
rec-106-org, stella, mandica, 95, piddington street, argyle garden, nicholls, 3192, , 19150309, 5346793
rec-229-org, wilson, singleton, 19, whitford place, pegg's creek, murray bridge, 2541, vic, 19141005, 8801211
rec-314-dup-2, emikily, reid, 391, mackie crescent, woolgoolga retirtement village, yorkeys knob, 4169, vic, 19811110, 1033627
rec-112-org, michael, voy, 23, majura road, stump jump, lamington, 2232, qld, 19151015, 5592613
rec-20-org, chelsea, bellchambers, 49, hensman street, janefield, surrey hills, 7010, qld, 19790416, 6495135
rec-4-org, sean, rabe, 14, harris street, oakdale, , 3174, vic, 19350721, 9192090
rec-192-org, christian, clarke, 6, mccombie street, myona, blackmans bay, 3019, wa, 19521023, 9477454
rec-212-org, jacob, orpwood, , bage place, shiloah, hinchinbrook, 4121, sa, 19441231, 8922782
rec-13-org, andrew, ayer, 16, daly place, juanne, brunswick west, 2760, nsw, 19370618, 3341982
rec-221-org, kane, webb, 19, barron street, ellangowan, , 3081, nsw, 19031013, 3137764
rec-154-dup-1, ruby, clarke, 117, daley crescent, , burnside, 3044, qld, 19820709, 7698332
rec-110-dup-1, oliver, matth ews, 25, harry hopman circuit, sunday creek, seaforth, 5630, nsw, 19880321, 9400702
rec-262-dup-2, william, bridgland, 9, lawes pvace, nullo mntain, balwyn north, 4034, nsw, 19711011, 1514542
rec-371-org, ellen, camp, 16, leahy close, montrose, sunshine, 4670, nsw, 19610623, 9467865
rec-244-org, emiily, goffredo, 1, gsell place, spring banks, old erowal bay, 3444, nsw, 19940405, 9704244
rec-117-org, cooper, condo, 46, federal highway, , beverly hills, 2603, wa, 19840407, 9950177
rec-312-org, hudson, mitton, 57, scratchley place, else wares, nudgee, 2259, vic, 19010624, 5423530
rec-107-org, ethan, thorpe, 23, kellway street, lindoran, kenilworth, 7004, nsw, 19931128, 1461765
rec-289-org, , green, 81, badenoch crescent, captains creek, wurruk, 6004, nsw, 19411229, 4009736
rec-264-dup-2, campbdll, megan, 21, dacomb court, brentwood vlge, mito, 4313, act, 19871012, 7090323
rec-269-dup-1, carla, ebert, 23, long place, walyaming farms, allinhgam, 4520, vic, 19810620, 4914839
rec-59-dup-1, james, mason, 43, anderson street, , como, 3156, nsw, 19190213, 8516547
rec-329-org, brooke, vincent, 333, davy place, laurel bank, windang, 2324, nsw, 19900810, 1731989
rec-396-org, lucy, le grand, 32, dianella street, millridge, mentone, 2760, vic, 19140309, 8911690
rec-395-dup-1, ella, dteed, 21, moule place, sec 1569, unanderra, 3018, , 19640422, 7888753
rec-146-org, alexandra, clarke, 16, maclachlan street, osborne house, nairne, 3079, wa, 19200907, 1193883
rec-134-dup-1, holly, quilliam, 52, ebden treet, westhomle, harden, 5162, vic, 19590630, 8085282
rec-172-org, gianni, finlay, 102, darcy close, casablanca, innot hot springs, 2782, tas, 19761216, 7311535
rec-38-org, ashleigh, aberg, 138, jim pike avenue, shadoof lodge, avoca, 3424, qld, 19251015, 9034664
rec-308-org, benjamin, diantsis, 97, collocott crescent, conmurra, armidale, 4342, qld, 19060114, 9765241
rec-245-org, zack, wardle, 6, la perouse street, parkridge villa, coffs harbour, 4215, qld, 19020522, 7900773
rec-154-dup-0, ruby, montfrooy, 117, daley crescent, , burnside, 3044, qld, 19820709, 7689332
rec-386-org, tyler, clarke, 4, alexander mackie circuit, , mcdowall, 3437, nsw, 19290219, 5902473
rec-59-org, james, mason, 43, anderson street, , como, 3156, nsw, 19190213, 9672666
rec-375-org, roy, sushames, 12, rossarden street, ferndale, camperdown, 2291, vic, 19191206, 6437446
rec-392-dup-1, thomas, berryman, 10, nemarang crescent, legacy vlge, para hfills, 6052, nt, 19020820, 1639092
rec-25-org, nicholas, miles, 94, bemboka crescent, thurlstone, tweed heads south, 2340, nsw, 19601222, 7652821
rec-48-org, trevor, lock, 308, hurley street, tall pines, cohuna, 3074, vic, 19770814, 1332434
rec-84-org, alana, thorpe, 10, weathers street, caravn park, ivanhoe, 2870, sa, 19580601, 5693831
rec-7-org, jessica, lomman, 109, rowntree crescent, hidden valle, smithfield, 5158, nsw, 19480721, 8386086
rec-154-org, ruby, clarke, 117, daley crescent, , burnside, 3044, qld, 19820709, 7689332
rec-4-dup-1, rabe, sean, 14, harris street, oakdale, , 3174, vic, 19350721, 9192090
rec-276-org, matthew, nguyen, 63, duffus place, ocean star villas, keiraville, 3178, nsw, 19710721, 7305660
rec-195-org, michael, dimitriovski, 6, dryandra street, spring ridge, midland, 4171, nsw, , 9905519
rec-81-org, hayley, spicer, 12, port jackson circuit, manor park, mill park, 6104, tas, 19020828, 5806379
rec-285-org, lukas, badger, 58, morrison street, greenslopes, clayton, 5061, qld, 19901213, 3447227
rec-69-org, hayden, geue, 19, goble street, , fennell bay, 4650, sa, 19280505, 9019817
rec-206-org, emiily, clarke, 9, geehi place, omaru, surry hills, 2256, nsw, 19360618, 8191768
rec-130-org, amber, lewkowicz, 92, cunningham street, gostwyck, yowie bay, 3941, qld, 19240323, 9032076
rec-4-dup-0, seab, rabe, 14, harris street, oakda le, , 3174, vic, 19350721, 9192090
rec-243-org, harry, stevedore, 108, bindon place, abbey fields, preston, 2526, qld, 19580207, 2405542
rec-287-org, michael, heidrich, 97, watterson place, , malabar, 6016, qld, 19250526, 7633805
rec-302-org, amy, hemmings, 7, mcintosh street, , taree, 0810, vic, 19160509, 7576740
rec-378-dup-0, kylee, weavr, 25, margany street, mlc building, kempsey, 0508, qld, , 3301701
rec-279-org, isabella, strangway, 10, collings street, somerset terraces, kaleen, 6164, nsw, 19071118, 3681175
rec-3-org, samuel, webb, 42, shortland crescent, sec 1, portarlington, 2303, , 19461230, 1486766
rec-29-org, zane, clarke, 11, o'connor circuit, , kingston-on-murray, 3730, qld, 19400428, 5351490
rec-94-dup-0, samuel, dixon, 31, sparkes close, gwandlaxzn, box hill south, 2632, qld, 19600411, 6268384
rec-197-org, jasper, rees, 54, lumeah street, calanna medcl centre, narellan vale, 2042, , 19490102, 9285859
rec-194-org, alicia, shinnick, 501, weddin circuit, cypress garden, hawthorn, 2198, vic, 19660526, 4517263
rec-38-dup-0, ashleigh, aberg, 138, jim pikem avenue, shadoof lodge, avoca, 3424, qld, 19251015, 9034664
rec-275-dup-0, anthea, lobert, 7, strickland crescent, pacific palm caravn park, scarsdale, 2204, wa, 19580722, 1243825
rec-214-org, tasman, mccourtie, 22, monkman street, winchester downs, carlingford, 3057, nsw, 19770702, 1139244
rec-66-org, grace, webb, 8, maraar place, , woopen creek, 4680, nsw, 19710325, 9318090
rec-102-org, noah, jervis, 34, donaldson street, unt 3, north rocks, 5290, qld, 19410705, 1520584
rec-127-dup-0, matthdw, mccarthy, 30, sandovercircuit, corinella, , 2759, vic, 19970418, 5664997
rec-262-dup-0, william, bridgland, 9, lawesplace, nullo mntain, balwyn north, 4034, nsw, 19711011, 1514542
rec-170-org, ashlie, crossman, 119, lumeah street, craigow, annandale, 2500, wa, 19580602, 1429013
rec-88-org, mhary, rees, 23, cooney court, , bulart, 6014, vic, 19960225, 8358367
rec-157-org, lauren, thiessen, 7, canberra avenue, crestwood, sippy downs, 2714, vic, 19240511, 3813337
rec-342-dup-1, adam, mccloskey, 3, holmes cdescent, dalkeith cottage, salter point, 4228, qld, 19060104, 3926459
rec-204-org, richard, lowe, 106, stopford crescent, , mossy point, 2065, nsw, 19010427, 2373395
rec-71-org, jacob, mort, 72, hardwick crescent, eastwood cottage, mitcham, 3550, nsw, 19860505, 9861195
rec-141-org, luke, hoang, 237, moore street, trevelen, cedar vale, 4014, vic, 19581113, 9847074
rec-346-org, tate, minto, 30, cumberlege crescent, river quays, nunawading, 3636, nsw, , 5309136
rec-328-org, ruby, donaldson, 71, hickenbotham street, hmas cerberus, scarborough, 2207, nsw, 19560128, 4607367
rec-133-org, molly, mason, 8, ellenborough street, uranbah, condell park, 3144, sa, 19110622, 3693138
rec-247-org, connor, gibb, 19, darcy close, the lakes retirement village, mosman, 3931, vic, 19770607, 9268224
rec-94-org, samuel, dixon, 31, sparkes close, gwandalan, box hill south, 2632, qld, 19600411, 6268384
rec-94-dup-1, samuel, dixon, 31, sparkesclose, gwandaoan, box hill south, 2362, qld, 19600411, 6268384
rec-15-org, emiily, ryan, 15, barwon street, aprt 18 the village, sandy bay, 4812, qld, 19011231, 9495528
rec-218-org, faith, egan, 13, burria place, villa 3, matraville, 6061, qld, 19410903, 8666441
rec-264-dup-0, megan, campbell, 21, , brentwood vlge, minto, 4313, act, 19871012, 7090323
rec-60-org, jack, tiller, 79, richter close, minora cotge, petrie, 6530, nsw, 19801030, 5970989
rec-22-org, jessica, , 14, nernst place, millard centre, , 2445, vic, 19370717, 9707190
rec-272-org, phoenix, santelices, 109, monkman street, , pennant hills, 4670, act, 19910809, 6281490
rec-32-org, chantelle, plane, 1, miller street, parish talowahl, clifton springs, 2446, vic, 19021012, 8629451
rec-384-dup-1, danny, eylesq, 19, fuhrman etreet, aminya vlge, heckenberg, 2195, nsw, 19880426, 8344164
rec-251-org, maya, shepherd, 307, mattingley court, gostwyck, chandler, 2195, nsw, 19120224, 5601732
rec-303-org, madison, newport, 1, nardoo crescent, teneriffe wharfs, tara, 3167, qld, 19341227, 4311033
rec-62-org, vanessa, shepherd, 130, wargila place, camerons creek, duncraig, 3233, qld, 19810123, 9094943
rec-343-org, jessica, berryman, 258, conway place, strathlea, irymple, 5096, nsw, 19431230, 7099897
rec-349-org, alissa, barnes-keoghan, 8, barnard circuit, windara, albany creek, 2148, qld, 19840218, 1239705
rec-217-org, tiahnee, ferris, 8, horsley crescent, marwara, nicholls, 6556, vic, 19570415, 6928433
rec-150-org, natasha, leane, 8, russell drysdale crescent, thomas scott village, lakemba, 3799, sa, 19580120, 5381758
rec-306-org, danny, dehass, 32, clive steele avenue, villa 127, robertson, 2134, vic, 19440411, 2279794
rec-159-org, brody, depold, 52, jacobs street, coulter court, fadden, 3844, vic, 19730511, 7962708
rec-122-org, lauren, coppock, 20, woollum street, village on the green, lalor park, 3779, nsw, 19111029, 5525569
rec-231-org, breana, reid, 26, philp place, moonylora, barkly, 3041, qld, , 8250880
rec-40-org, simon, longo, 2, bonnor close, morago, nightcliff, 2199, sa, 19760824, 7249542
rec-382-org, stephanie, soden, 14, london circuit, , eight mile plains, 2586, nsw, 19060426, 4066377
rec-127-dup-1, mattjew, mccarthy, 30, corinella, sandover circuit, lake conjola, 2759, vic, 19970418, 5664997
rec-78-org, montana, mason, 29, larakia street, miranda, clifton springs, 3167, wa, 19960511, 4398740
rec-319-org, alec, kahl-smith, 323, osborn place, , scotts creek, 2474, vic, 19020118, 1790456
rec-148-org, jessica, green, 10, whitty crescent, maroona park, elsternwick, 3188, qld, 19810205, 4153316
rec-378-dup-1, kylee, weaevr, 25, marganystreet, georgeforbes house, kempsey, 5008, qld, , 3301701
rec-47-org, , white, 4, coombe street, willaroo, bendigo north, 2140, nsw, 19460615, 1909197
rec-19-org, kyah, demarco, 2, bardsley place, rivonia, roxburgh park, 2650, nsw, 19820312, 8378940
rec-28-org, kelsea, nguyen, 7, newman morris circuit, walmount, , 4122, nsw, 19880612, 7949579
rec-72-org, wade, shoebridge, 31, ovens street, hillcrest specialist centre, heywood, 2153, qld, 19960524, 4867663
rec-311-org, hayley, wiechec, 36, marlock street, milly milly, kangaroo flat, 6076, vic, 19320906, 2163631
rec-90-org, riley, weavell, 18, winter street, inverpine ret vill, seymour, 2529, qld, 19170221, 3395174
rec-82-org, lochlan, heron, 40, correa street, wandana, eastwood, 5118, vic, 19990917, 2229993
rec-238-org, deakin, conaghty, 8, falls place, joint coal board, hopetoun, 4740, wa, 19490711, 5571751
rec-119-org, hannah, berry, 38, notting court, kingscliff shopping village, doubleview, 2617, nsw, 19011202, 4072301
rec-330-org, grace, noble, 186, blackham street, glenmore, rivett, 2206, vic, 19750909, 4749682
rec-81-dup-0, hayley, spicer, 12, port jackso n circuit, manor ark, mill park, 6104, tas, 19020828, 5806379
rec-114-org, connor, le lievre, 25, tytherleigh street, blues hills, ballarat, 2200, nsw, 19690219, 8690673
rec-261-org, elysse, berry, 17, gabriel place, kyeema vineyard, landsborough, 2486, nsw, , 4677479
rec-168-org, julia, ryan, 2, feathertop street, palestine, knoxfield, 2170, nsw, 19590326, 7471523
rec-342-dup-2, adam, kilby, 3, holmes c rescent, dalkeith cottage, salter qpoint, 4228, qld, , 3926459
rec-392-org, thomas, berryman, 10, nemarang crescent, legacy vlge, para hills, 6052, nt, 19521205, 1639092
rec-46-org, ashleigh, vincent, 15, bissenberger crescent, duck creek, patterson lakes, 5163, sa, 19390402, 7977792
rec-180-org, isabella, campbell, 120, higgins crescent, villa 427, mount eliza, 4226, vic, 19550826, 2824405
rec-36-org, aidan, grimwade, 32, scarborough street, lirambenda, winthrop, 3155, qld, 19710815, 8556250
rec-17-org, joel, lyddon, 18, lowanna street, ocean star villas, woodville south, 6172, vic, 19600214, 9906078
rec-147-org, allegra, pyle, 296, goldie place, shaudell, wolumla, 6169, wa, 19620201, 2315078
rec-281-dup-1, jack, reid, , summerland circuit, blue hills, nelon, 7009, vic, 19840304, 7181992
rec-332-dup-0, matthews, ryan, 22, blackman crescent, wyuna, daisy hill, 2604, nsw, 19490405, 9202152
rec-380-org, cheree, hare, 30, couchman crescent, farm shed, albury, 3700, nsw, 19320218, 9923655
rec-56-org, imogen, stephenson, 6, macpherson street, , bacchus marsh, 6027, nsw, 19720602, 1590719
rec-359-org, william, lipscombe, 17, driver place, , johnsonville, 7215, vic, 19420722, 8523170
rec-85-org, millane, pontifex, 54, duncan street, downland stud, wyong, 4561, act, 19850830, 7488448
rec-338-org, liam, sellmann, 3, oldham court, terra nostra, avondale heights, 6060, nsw, 19520208, 6812093
rec-211-org, harry, beattie, 10, brownless street, byeni rummerys hill, plumpton, 4305, nsw, 19720720, 1400635
rec-223-org, matthew, passmore, 60, , flt 17, frankston, 3185, sa, 19630701, 4538594
rec-93-org, harrison, culliton, 17, moorhouse street, banksia springs, jesmond, 2104, nsw, 19271119, 6484094
rec-34-org, heath, cheshire, 47, namatjira drive, park ave vet hosptl, yeronga, 2086, wa, 19830628, 2329235
rec-140-org, oakleigh, cowell, 20, scarlett street, brunniana, launceston south, 4570, nsw, 19300404, 9925141
rec-127-org, matthew, mccarthy, 30, sandover circuit, corinella, lake conjola, 2759, vic, 19970418, 5664997
rec-378-org, kylee, weaver, 25, margany street, george forbes house, kempsey, 5008, qld, , 3301701
rec-240-org, lauren, foottit, 36, womba place, cheshire, north sydney, 6112, qld, 19150219, 6127753
rec-214-dup-0, faith, mccourie, 22, monkman street, winchester downs, carlingford, 3057, nsw, 19770702, 1139244
rec-235-org, chantelle, bottroff, 99, nepean place, burramunda, yamba, 3815, nsw, 19611220, 1692860
rec-186-org, zachary, lehane, 32, kennewell place, yambira, north sydney, 2089, nsw, 19700512, 3235513
rec-155-org, joshua, vincent, 30, pomeroy street, dragon rising, broadmeadows, 3844, sa, 19370707, 3605343
rec-179-org, mitchell, greenhalgh, 18, hilton close, , maribyrnong, 6152, wa, 19350915, 7524553
rec-233-org, alana, gaskin, 26, , toora, moresby, 3187, nsw, 19790719, 5103759
rec-35-org, jessica, hand, 31, girdlestone circuit, belongil beach house, melton south, 3174, vic, 19700312, 9558344
rec-339-org, rohan, bellamy, 10, , garaweh, terrey hills, 5095, wa, 19890414, 8112760
rec-309-org, max, jardine, 4, hope street, , nunawading, 6323, wa, 19410324, 7998591
rec-43-org, nicole, campbell, 138, maclachlan street, walmount, west wyalong, 2226, wa, 19450814, 4722090
rec-307-org, brianna, lewis-brown, 165, lipscomb place, glenview, dover heights, 2478, vic, 19370925, 2943022
rec-299-dup-0, jackson, hewson, 82, gulgong place, thomas sctot village, noble park, 2115, vic, 19640616, 9611875
rec-374-dup-1, eloide, coxon, 3, , , blackall, 4300, vic, 19950128, 9053506
rec-239-org, aurora, paterson, 17, lawrence crescent, handley, toowoomba, 3025, vic, 19581008, 4108527
rec-334-org, layla, stephenson, 75, john cleland crescent, kooyong, ormond, 6530, qld, 19661027, 4082462
rec-177-org, harry, clarke, 24, , ferndale, sunshine, 2465, qld, 19120901, 2028395
rec-248-org, angus, fauser, 454, gsell place, shangrila cvan park, elimbah, 2155, nsw, 19740124, 7647759
rec-399-dup-1, berryamn, ella, , house circuit, rowethorpe, ivanhoe east, 5280, wa, 19801212, 1320277
rec-214-dup-1, tasman, mccoutrie, 22, monkman street, winchester downs, carlingford, 3057, hsw, 19770702, 1139244
rec-59-dup-0, james, mason, 43, anderson street, , como, 3155, nws, 19190213, 9672666
rec-110-dup-0, matthews, oliver, 25, harry hopman circuit, sunday creek, seafroth, 5630, nsw, 19880321, 9400702
rec-28-dup-1, daniel, nguyne, 7, newmanmorris circuit, walmount, , 4122, nsw, 19880612, 7949579
rec-115-org, andrew, cobbett, 39, achernar close, berri cottage hmes, dianella, 6110, nsw, 19730811, 6190388
rec-392-dup-0, berryman, thomas, 10, nemarang crescent, legacy vlge, para hlls, 6052, nt, 19521205, 1639092
rec-12-org, emiily, bishop, 44, stenhouse close, phillip island, armidale, 7000, sa, 19871008, 7102284
rec-132-dup-0, evison, eliza, 585, mirning c rescent, brightwater villas, dapto, 2566, vic, , 8585425
rec-158-org, jemima, datlen, 2, , gobongo, parramatta, 2602, vic, 19361220, 4813453
rec-31-org, hayley, neville, 103, fairbridge crescent, willaroo, moorland, 2131, vic, 19800912, 8046416
rec-395-dup-0, benjamin, stede, 62, sec 5169, moule pace, unanderrha, 3018, wa, 19640422, 7888753
rec-275-org, anthea, lobert, 7, strickland crescent, pacific palms caravn park, scarsdale, 2204, wa, 19580722, 1243825
rec-24-org, asha, bowerman, 28, kenyon circuit, , karratha, 3199, vic, 19731121, 1122240
rec-57-org, riley, lomman, 136, vancouver street, tourist park, stonyfell, 2761, vic, 19661009, 2804154
rec-253-org, isabelle, webb, 1, maund place, brentwood vlge, laverton, 2153, qld, 19040320, 1013870
rec-224-org, eliza, reid, 10, glencross street, john flynn hospital, toowoomba, 2161, nsw, 19211103, 9798544
rec-344-org, william, abeywickrama, 32, foveaux street, cronk coar, pimlico, 6167, qld, 19750311, 6275766
rec-109-org, kelsea, purtell, 38, longman street, loormeah park, fairlight, 4059, sa, 19700318, 3934869
rec-147-dup-1, pyle, allegra, 296, goldie place, shaudell, wolumla, 6169, wa, 19620201, 2315078
rec-317-org, ebony, barnaby, 173, alston street, moranbah, cowra, 3196, qld, 19961213, 5124885
rec-304-org, kye, ryan, 1, barraclough crescent, orana gardens retirement village, wooragee, 2450, act, 19510309, 7192066
rec-64-org, william, green, 14, lomatia place, kullaroo, casula, 2261, nsw, 19180512, 9304375
rec-92-org, anna, hudd, 16, william hudson crescent, killarloo, elizabeth vale, 4575, nsw, 19371102, 5699933
rec-91-org, nathan, byers, 39, ferguson circuit, golden down, taree, 4113, nsw, 19570223, 9621087
rec-41-org, thomas, solis, 16, jane price crescent, marwara, brighton, 2025, qld, 19510119, 3208045
rec-291-org, charlotte, novak, , john cleland crescent, weemilah, clayton, 2779, act, 19650801, 5244915
rec-390-dup-2, thomas, thandi, 45, tyrrell circuit, tobruk hse, wallan, 2177, vic, 19051015, 8517101
rec-174-org, fiona, matthews, 24, golden grove, downlands farm, acacia ridge, 2029, nsw, 19181012, 9247061
rec-184-org, andrew, bishop, 163, la perouse street, south gwandalan, frankston, 3630, qld, 19951219, 9592204
rec-74-org, chloe, lansdell, 18, duffy street, bindaree, ruse, 5096, nsw, 19700603, 7529854
rec-341-org, mitchell, reid, 35, pridham street, eagle crest, raymond island, 2144, sa, 19060530, 9026056
rec-14-org, isabelle, miles, 86, blanc court, market town centre, figtree, 2131, vic, 19170515, 6595776
rec-30-org, phoebe, bishop, 5, pavonia street, lapoinya, coonabarabran, 3068, sa, 19430704, 4549374
rec-27-org, aiden, hanna, 1030, woodfull loop, old kapoola, lavington, 2250, nsw, 19191211, 1395599
rec-336-org, kate, nicolle, , kennedy street, jacklin park farmstay, slacks creek, 2026, nsw, 19690425, 7148818
rec-118-org, , crouch, 42, kambalda crescent, bonnie doon, mooroolbark, 2614, vic, 19770621, 9990780
rec-166-org, madison, clarke, 12, beggs place, eldwick, kincumber, 3472, tas, 19581209, 5669375
rec-6-org, bailee, thurlow, 121, paterick place, rockview, semaphore south, 2154, sa, 19220218, 7574301
rec-259-org, taliah, quack, 142, giles street, charleston, mount pleasant, 3012, nsw, 19031211, 9062635
rec-178-org, , ryan, 17, benson crescent, west park, tannum sands, 4820, nsw, 19580521, 3566285
rec-190-org, caitlin, marczuk, 12, parer street, villa 3, ringwood north, 4807, sa, 19620209, 2493342
rec-89-org, april, plevin, 15, whitton close, oaklands village, eaglehawk, 3886, vic, 19820105, 4018600
rec-209-org, lachlan, betrum, 20, port jackson circuit, tregoning station, graceville, 6316, wa, 19920414, 5971938
rec-73-org, noah, , 50, redcliffe street, , box hill south, 2209, wa, 19390422, 4497141
rec-377-org, madison, clarke, 180, vagabond crescent, villa 5, ryde, 4455, vic, 19090811, 9036308
rec-108-org, ebony, saines, 412, olympus way, woodlands surgery centre, bridgeman downs, 2323, nsw, 19570701, 5012241
rec-314-dup-0, emiily, reid, 391, finniss c rescent, hornsbie, yorkeys knob, 4169, vic, 19811110, 1033627
rec-326-org, emiily, witty, 22, jondol place, brentwood vlge, coolaroo, 4670, nsw, 19421209, 6031176
rec-226-org, harrison, kostrzynski, 38, watts street, alanvale, coolamon, 2440, vic, 19100802, 3166062
rec-124-org, alison, dolliver, 7, ashley drive, cudgelo, willetton, 2280, nsw, 19860109, 5172035
rec-395-org, ella, steed, 62, moule place, sec 1569, unanderra, 3018, wa, 19640422, 7888753
rec-132-org, eliza, evison, 585, mirning crescent, brightwater villas, dapto, 2566, vic, 19240619, 8585425
rec-79-org, finlay, zimmermann, 8, currong street, unt 2, attunga, 6157, wa, 19990402, 6196137
rec-86-org, jaden, stanley, 9, bingham circuit, talula cottage, petersham, 2753, vic, , 3967457
rec-221-dup-0, kane, webb, 19, barron street, ellango wan, , 3081, nsw, 19031013, 3137764
rec-0-org, jasper, polles, 16, tullaroop street, dunfield park, boulder, 4370, nsw, 19170428, 8333202
rec-121-org, zachary, rees, 6, allara street, spring creek, smithfield plains, 7018, nsw, 19390826, 4301967
rec-199-org, jacqueline, jesser, 30, newdegate street, rowallen estate, bray park, 4506, qld, 19280411, 7596371
rec-246-dup-2, abigail, tilliard, 17, handasyd ejtreet, westerdale, gosford east, 3400, qld, 19390730, 3117829
rec-77-org, angus, white, 85, darambal street, jarrah, malvern east, 4068, nsw, 19501102, 3091477
rec-374-org, eloise, coxon, 3, petterd street, , blackall, 4300, vic, 19950128, 9053506
rec-220-org, marcus, hayball, 36, hollis place, lamington national, sisters creek beach, 2067, vic, 19310810, 3567948
rec-266-org, riley, sarantopoulos, 3, fullwood street, kangarilla, giralang, 4883, sa, 19990124, 9851199
rec-215-org, joshua, havelberg, 16, whiteley street, nurse's residence calvary hospital, slacks creek, 6176, vic, 19981003, 1328006
rec-201-org, aidan, record, 48, bolden place, lake downs super fine merino stud, yass, 4405, nsw, 19550704, 1435639
rec-390-dup-0, thandi, thomas, 40, tyrrell circuit, tobruk hse, atwell, 2177, wa, 19051015, 8517101
rec-242-org, abbey, white, 12, crisp circuit, norfolk estate, thornbury, 4061, tas, 19091030, 2410982
rec-205-org, isabella, dixon, 97, butler place, the sycamores, devonport, 4214, nsw, 19661028, 8629635
rec-33-org, lachlan, bansgrove, 17, diamond street, moorhouse, byford, 2747, nsw, 19820529, 6117057
rec-301-org, mitchell, coppola, 6, broadsmith street, minoru, curtis island, 2611, qld, 19280412, 4197536
rec-202-org, saara, noack, 330, taylor street, cooee, wangaratta, 2261, sa, 19780926, 1409013
rec-281-dup-0, jaci, reid, 63, summerland circuit, blue hlils, nelson, 7009, vic, 19840304, 7181992
rec-394-org, thomas, white, 55, woodfull loop, stone oak farm, tarragindi, 3197, qld, 19270128, 3739737
rec-277-org, reece, georgiadis, 34, payne place, medical centre, concord, 3188, vic, 19541105, 5999331
rec-11-org, katie, banham, 76, mcclelland avenue, willows trees, chester hill, 3058, vic, 19440924, 3907081
rec-352-org, talia, tiller, , mirrool street, brentwood vlge, trott park, 4130, nsw, 19581127, 9099203
rec-392-dup-2, thomas, berryman, 10, nemarang crscent, legac y vlge, para hklls, 6052, nt, 19521205, 1639092
rec-384-dup-0, danny, eyls, 19, aminya vlge, fuhrman s treet, heckenberg, 2195, nsw, 19880426, 8344164
rec-372-org, samantha, jervis, 58, hale place, naringal orchard, picton, 2064, nsw, 19150203, 7358005
rec-98-org, timothy, ryan, 34, gibbs place, locn 2093, lansvale, 4680, vic, 19950329, 1225202
rec-97-org, jenna, matthews, 20, gilmore crescent, marando, wandandian, 2450, vic, 19721031, 4058396
rec-80-org, haylee, reid, 8, mccawley street, tewantin plaza, tingalpa, 4878, qld, 19631221, 2747252
rec-363-org, , spark, 4, caldwell street, marina park, elizabeth park, 2463, vic, 19840527, 7243592
rec-171-org, joshua, bartel, 140, davidson street, studio indigo, prospect vale, 3188, qld, 19660907, 2183042
rec-292-org, xavier, ryan, 23, wollaston place, louisa tor 4, taree, 3793, nsw, 19891215, 6960675
rec-361-org, keira, nicoll, 24, university avenue, white house, clearview, 3220, nsw, 19590722, 3521373
rec-123-org, arki, ryan, 216, purnell place, cotton tree caravan park, seaview downs, 3221, nsw, 19160924, 2556166
rec-270-org, georgia, mcandrew, 196, city walk, gwandalan, frankston, 5113, wa, 19030721, 7102791
rec-76-org, sam, perriam, 19, scrivener street, glenbrae, bull creek, 4061, qld, 19440620, 4176370
rec-283-org, sarah, whiteley, 57, mchugh street, heritage manor est, coromandel valley, 2700, sa, 19160309, 5658591
rec-153-org, brooklyn, slawinski, 121, fullerton crescent, murray vale lodge, mount pleasant, 3531, vic, 19871223, 2582206
rec-313-org, hamish, jaudzems, 31, yerrabi place, , bayswater, 3039, nsw, 19361031, 2189345
rec-220-dup-0, marcus, hayball, 36, hollis place, lamingtonnational, galston, 2067, vic, 19310810, 3567948
rec-398-org, lucinda, white, 4, mccormack street, the tops, pallarenda, 4019, vic, 19850308, 6528656
rec-50-org, sophie, mildren, 54, owen dixon drive, apt 21 the manor, balhannah, 7010, qld, 19710106, 8775316
rec-168-dup-1, james, ryan, 2, feathertop street, palestine, knoxfield, 2170, nsw, 19871214, 7471523
rec-152-org, dimitri, clarke, 20, cobby street, rbm 1020, natte yallock, 4116, sa, 19950920, 9801032
rec-1-org, casey, george, 27, fullagar crescent, the rookery, murray bridge, 5223, wa, 19480518, 7732987
rec-379-org, jessica, astley, 61, mirning crescent, clems place, brooweena, 4116, vic, 19150918, 9087877
rec-264-dup-1, megan, campbell, 21, dacomb court, brentwo od vlge, minto, 4313, act, 19871012, 7090323
rec-394-dup-2, erin, white, 55, woodfull loop, stone oak farm, tarragindi, 3197, qld, 19270128, 3739337
rec-268-org, ella, george, 15, kingscote crescent, wunnamurra homestead, san remo, 6066, qld, 19660101, 9185138
rec-93-dup-0, harrinson, culliton, 13, moorhouse street, banksi a srings, jesmond, 2104, nsw, 19271119, 6484094
rec-105-org, sophie, white, 21, bell street, bunavon, auburn, 6061, vic, 19251029, 6382613
rec-299-org, andrew, hewson, 82, gulgong place, thomas scott village, noble park, 2115, vic, 19640616, 9611875
rec-49-org, caitlin, ryan, 21, sturt avenue, brumpton street, lismore, 2064, wa, 19990103, 1233213
rec-274-org, kayla, shepherd, 11, wallaroo road, burnside, wanneroo, 4165, nsw, 19661123, 4128484
rec-232-org, grace, myles, 34, cordeaux street, , trafalgar, 6230, vic, 19630824, 9056698
